direction,v1,v2,v3,v4,v5,v6,v7,v8,rater_model,topic_id,sample_id,source,,error,2,pmid
SUPPORTS,1.0,1.0,1.0,1.0,1.0,1.0,1.0,1.0,anthropic/claude-sonnet-4.5,T01,1.0,ai,,,,
SUPPORTS,1.0,1.0,1.0,1.0,0.0,1.0,1.0,1.0,deepseek/deepseek-chat-v3.1,T01,0.0,ai,,,,
SUPPORTS,1.0,1.0,1.0,1.0,1.0,1.0,1.0,1.0,deepseek/deepseek-chat-v3.1,T01,2.0,ai,,,,
SUPPORTS,1.0,1.0,1.0,1.0,1.0,1.0,1.0,1.0,deepseek/deepseek-chat-v3.1,T01,3.0,ai,,,,
SUPPORTS,0.0,1.0,0.0,0.0,1.0,1.0,1.0,0.0,deepseek/deepseek-chat-v3.1,T01,4.0,ai,,,,
SUPPORTS,1.0,1.0,0.0,0.0,1.0,1.0,1.0,0.0,deepseek/deepseek-chat-v3.1,T01,5.0,ai,,,,
SUPPORTS,0.0,1.0,0.0,0.0,1.0,1.0,1.0,0.0,deepseek/deepseek-chat-v3.1,T01,6.0,ai,,,,
SUPPORTS,1.0,1.0,1.0,1.0,1.0,1.0,1.0,1.0,deepseek/deepseek-chat-v3.1,T01,7.0,ai,,,,
SUPPORTS,1.0,1.0,1.0,1.0,1.0,1.0,1.0,1.0,deepseek/deepseek-chat-v3.1,T01,8.0,ai,,,,
SUPPORTS,0.0,1.0,1.0,1.0,1.0,1.0,1.0,0.0,deepseek/deepseek-chat-v3.1,T01,9.0,ai,,,,
SUPPORTS,1.0,1.0,1.0,1.0,1.0,1.0,1.0,1.0,deepseek/deepseek-chat-v3.1,T01,10.0,ai,,,,
SUPPORTS,1.0,1.0,1.0,1.0,1.0,1.0,1.0,1.0,deepseek/deepseek-chat-v3.1,T01,11.0,ai,,,,
SUPPORTS,1.0,1.0,1.0,1.0,1.0,1.0,1.0,1.0,deepseek/deepseek-chat-v3.1,T01,12.0,ai,,,,
,,,1.0,1.0,1.0,1.0,1.0,1.0,deepseek/deepseek-chat-v3.1,T01,13.0,ai,1.0,,,
SUPPORTS,0.0,1.0,1.0,1.0,1.0,1.0,1.0,1.0,deepseek/deepseek-chat-v3.1,T01,14.0,ai,,,,
SUPPORTS,1.0,1.0,1.0,1.0,1.0,1.0,1.0,1.0,anthropic/claude-sonnet-4.5,T01,15.0,ai,,,,
SUPPORTS,1.0,1.0,1.0,1.0,1.0,1.0,1.0,1.0,anthropic/claude-sonnet-4.5,T01,16.0,ai,,,,
SUPPORTS,1.0,1.0,1.0,1.0,1.0,1.0,1.0,1.0,deepseek/deepseek-chat-v3.1,T01,17.0,ai,,,,
SUPPORTS,1.0,1.0,1.0,1.0,1.0,1.0,1.0,1.0,deepseek/deepseek-chat-v3.1,T01,18.0,ai,,,,
SUPPORTS,1.0,1.0,1.0,1.0,1.0,1.0,1.0,1.0,deepseek/deepseek-chat-v3.1,T01,19.0,ai,,,,
SUPPORTS,1.0,1.0,1.0,1.0,1.0,1.0,1.0,1.0,anthropic/claude-sonnet-4.5,T01,20.0,ai,,,,
SUPPORTS,0.0,1.0,1.0,1.0,1.0,1.0,0.0,0.0,anthropic/claude-sonnet-4.5,T01,21.0,ai,,,,
SUPPORTS,0.0,0.0,1.0,1.0,1.0,1.0,1.0,0.0,deepseek/deepseek-chat-v3.1,T01,22.0,ai,,,,
SUPPORTS,1.0,1.0,1.0,1.0,1.0,1.0,1.0,1.0,deepseek/deepseek-chat-v3.1,T01,23.0,ai,,,,
SUPPORTS,1.0,1.0,1.0,1.0,1.0,1.0,1.0,1.0,deepseek/deepseek-chat-v3.1,T01,24.0,ai,,,,
SUPPORTS,1.0,1.0,1.0,1.0,1.0,1.0,1.0,1.0,anthropic/claude-sonnet-4.5,T01,25.0,ai,,,,
SUPPORTS,0.0,1.0,1.0,1.0,1.0,1.0,1.0,0.0,anthropic/claude-sonnet-4.5,T01,26.0,ai,,,,
SUPPORTS,0.0,1.0,1.0,1.0,1.0,1.0,0.0,0.0,anthropic/claude-sonnet-4.5,T01,27.0,ai,,,,
SUPPORTS,1.0,1.0,1.0,1.0,1.0,1.0,1.0,1.0,deepseek/deepseek-chat-v3.1,T01,28.0,ai,,,,
SUPPORTS,0.0,1.0,1.0,1.0,1.0,1.0,1.0,0.0,anthropic/claude-sonnet-4.5,T01,29.0,ai,,,,
REFUTES,1.0,1.0,1.0,1.0,1.0,1.0,1.0,1.0,deepseek/deepseek-chat-v3.1,T02,0.0,ai,,,,
REFUTES,0.0,1.0,1.0,1.0,1.0,1.0,1.0,0.0,anthropic/claude-sonnet-4.5,T02,1.0,ai,,,,
REFUTES,1.0,1.0,1.0,1.0,1.0,1.0,1.0,1.0,anthropic/claude-sonnet-4.5,T02,2.0,ai,,,,
SUPPORTS,1.0,1.0,1.0,1.0,1.0,1.0,1.0,1.0,anthropic/claude-sonnet-4.5,T02,3.0,ai,,,,
SUPPORTS,1.0,1.0,1.0,0.0,1.0,1.0,1.0,1.0,deepseek/deepseek-chat-v3.1,T02,4.0,ai,,,,
REFUTES,1.0,1.0,1.0,1.0,1.0,1.0,1.0,1.0,anthropic/claude-sonnet-4.5,T02,5.0,ai,,,,
REFUTES,1.0,1.0,1.0,1.0,1.0,1.0,1.0,1.0,anthropic/claude-sonnet-4.5,T02,6.0,ai,,,,
SUPPORTS,1.0,1.0,1.0,1.0,0.0,1.0,1.0,1.0,deepseek/deepseek-chat-v3.1,T02,7.0,ai,,,,
SUPPORTS,1.0,1.0,1.0,1.0,1.0,1.0,1.0,1.0,anthropic/claude-sonnet-4.5,T02,8.0,ai,,,,
REFUTES,1.0,1.0,1.0,1.0,1.0,1.0,1.0,1.0,deepseek/deepseek-chat-v3.1,T02,9.0,ai,,,,
SUPPORTS,1.0,1.0,1.0,1.0,1.0,1.0,1.0,1.0,deepseek/deepseek-chat-v3.1,T02,10.0,ai,,,,
,,,,,,,,,deepseek/deepseek-chat-v3.1,T02,11.0,ai,,Expecting value: line 1 column 40 (char 39),,
SUUTRAL,1.0,1.0,1.0,1.0,1.0,1.0,1.0,1.0,deepseek/deepseek-chat-v3.1,T02,12.0,ai,,,,
REFUTES,1.0,1.0,1.0,1.0,1.0,1.0,1.0,1.0,anthropic/claude-sonnet-4.5,T02,13.0,ai,,,,
SUPPORTS,1.0,1.0,1.0,1.0,1.0,1.0,1.0,1.0,anthropic/claude-sonnet-4.5,T02,14.0,ai,,,,
REFUTES,1.0,1.0,1.0,1.0,1.0,1.0,1.0,1.0,anthropic/claude-sonnet-4.5,T02,15.0,ai,,,,
REFUTES,1.0,1.0,1.0,1.0,1.0,1.0,1.0,1.0,deepseek/deepseek-chat-v3.1,T02,16.0,ai,,,,
SUPPORTS,1.0,1.0,1.0,1.0,0.0,1.0,0.0,1.0,anthropic/claude-sonnet-4.5,T02,17.0,ai,,,,
REFUTES,1.0,1.0,1.0,1.0,1.0,1.0,1.0,1.0,deepseek/deepseek-chat-v3.1,T02,18.0,ai,,,,
REFUTES,1.0,1.0,1.0,1.0,1.0,1.0,1.0,1.0,deepseek/deepseek-chat-v3.1,T02,19.0,ai,,,,
REFUTES,1.0,1.0,1.0,0.0,1.0,1.0,1.0,1.0,deepseek/deepseek-chat-v3.1,T02,20.0,ai,,,,
NEUTRAL,1.0,1.0,1.0,1.0,1.0,1.0,1.0,1.0,anthropic/claude-sonnet-4.5,T02,21.0,ai,,,,
REFUTES,1.0,1.0,1.0,1.0,1.0,1.0,1.0,1.0,anthropic/claude-sonnet-4.5,T02,22.0,ai,,,,
REFUTES,1.0,1.0,1.0,1.0,1.0,1.0,1.0,1.0,deepseek/deepseek-chat-v3.1,T02,23.0,ai,,,,
REFUTES,1.0,1.0,1.0,0.0,1.0,1.0,1.0,1.0,deepseek/deepseek-chat-v3.1,T02,24.0,ai,,,,
REFUTES,1.0,1.0,1.0,1.0,1.0,1.0,1.0,1.0,deepseek/deepseek-chat-v3.1,T02,25.0,ai,,,,
REFUTES,1.0,1.0,1.0,1.0,1.0,1.0,1.0,1.0,anthropic/claude-sonnet-4.5,T02,26.0,ai,,,,
REFUTES,1.0,1.0,1.0,1.0,1.0,1.0,1.0,1.0,anthropic/claude-sonnet-4.5,T02,27.0,ai,,,,
NEUTRAL,1.0,1.0,1.0,1.0,1.0,1.0,1.0,1.0,deepseek/deepseek-chat-v3.1,T02,28.0,ai,,,,
REFUTES,1.0,1.0,1.0,1.0,1.0,1.0,1.0,1.0,deepseek/deepseek-chat-v3.1,T02,29.0,ai,,,,
SUPPORTS,1.0,1.0,1.0,1.0,1.0,1.0,1.0,1.0,anthropic/claude-sonnet-4.5,T03,0.0,ai,,,,
SUPPORTS,1.0,1.0,1.0,1.0,1.0,1.0,1.0,1.0,anthropic/claude-sonnet-4.5,T03,1.0,ai,,,,
SUPPORTS,0.0,1.0,1.0,1.0,1.0,1.0,1.0,0.0,anthropic/claude-sonnet-4.5,T03,2.0,ai,,,,
SUPPORTS,1.0,1.0,1.0,1.0,1.0,1.0,1.0,1.0,anthropic/claude-sonnet-4.5,T03,3.0,ai,,,,
SUPPORTS,1.0,1.0,1.0,0.0,1.0,1.0,1.0,1.0,deepseek/deepseek-chat-v3.1,T03,4.0,ai,,,,
SUPPORTS,1.0,1.0,1.0,1.0,1.0,1.0,1.0,1.0,anthropic/claude-sonnet-4.5,T03,5.0,ai,,,,
SUPPORTS,1.0,1.0,1.0,1.0,1.0,1.0,1.0,1.0,deepseek/deepseek-chat-v3.1,T03,6.0,ai,,,,
SUPPORTS,0.0,1.0,1.0,1.0,1.0,1.0,1.0,0.0,deepseek/deepseek-chat-v3.1,T03,7.0,ai,,,,
SUPPORTS,1.0,1.0,1.0,1.0,1.0,1.0,1.0,1.0,anthropic/claude-sonnet-4.5,T03,8.0,ai,,,,
SUPPORTS,1.0,1.0,1.0,1.0,0.0,1.0,0.0,1.0,anthropic/claude-sonnet-4.5,T03,9.0,ai,,,,
SUPPORTS,0.0,0.0,1.0,0.0,1.0,1.0,1.0,0.0,deepseek/deepseek-chat-v3.1,T03,10.0,ai,,,,
SUPPORTS,1.0,1.0,1.0,0.0,1.0,1.0,1.0,1.0,deepseek/deepseek-chat-v3.1,T03,11.0,ai,,,,
SUPPORTS,0.0,1.0,1.0,1.0,1.0,1.0,1.0,0.0,anthropic/claude-sonnet-4.5,T03,12.0,ai,,,,
SUPPORTS,1.0,1.0,1.0,1.0,1.0,1.0,1.0,1.0,anthropic/claude-sonnet-4.5,T03,13.0,ai,,,,
SUPPORTS,1.0,1.0,1.0,0.0,1.0,1.0,1.0,1.0,deepseek/deepseek-chat-v3.1,T03,14.0,ai,,,,
SUPPORTS,1.0,1.0,1.0,1.0,1.0,1.0,1.0,1.0,anthropic/claude-sonnet-4.5,T03,15.0,ai,,,,
SUPPORTS,1.0,1.0,1.0,0.0,1.0,1.0,1.0,1.0,deepseek/deepseek-chat-v3.1,T03,16.0,ai,,,,
SUPPORTS,1.0,1.0,1.0,0.0,1.0,1.0,0.0,1.0,deepseek/deepseek-chat-v3.1,T03,17.0,ai,,,,
SUPPORTS,0.0,1.0,1.0,0.0,1.0,1.0,1.0,0.0,deepseek/deepseek-chat-v3.1,T03,18.0,ai,,,,
SUPPORTS,0.0,1.0,1.0,1.0,1.0,1.0,1.0,0.0,anthropic/claude-sonnet-4.5,T03,19.0,ai,,,,
SUPPORTS,0.0,1.0,1.0,1.0,1.0,1.0,1.0,0.0,anthropic/claude-sonnet-4.5,T03,20.0,ai,,,,
SUPPORTS,1.0,1.0,1.0,1.0,1.0,1.0,1.0,1.0,anthropic/claude-sonnet-4.5,T03,21.0,ai,,,,
SUPPORTS,1.0,1.0,1.0,0.0,1.0,1.0,1.0,1.0,deepseek/deepseek-chat-v3.1,T03,22.0,ai,,,,
SUPPORTS,1.0,1.0,1.0,1.0,1.0,1.0,1.0,1.0,anthropic/claude-sonnet-4.5,T03,23.0,ai,,,,
SUPPORTS,1.0,1.0,1.0,1.0,1.0,1.0,1.0,1.0,anthropic/claude-sonnet-4.5,T03,24.0,ai,,,,
SUPPORTS,1.0,1.0,1.0,1.0,1.0,1.0,1.0,1.0,anthropic/claude-sonnet-4.5,T03,25.0,ai,,,,
SUPPORTS,1.0,1.0,1.0,0.0,1.0,1.0,1.0,1.0,anthropic/claude-sonnet-4.5,T03,26.0,ai,,,,
SUPPORTS,1.0,1.0,1.0,1.0,0.0,1.0,0.0,1.0,anthropic/claude-sonnet-4.5,T03,27.0,ai,,,,
SUPPORTS,1.0,1.0,1.0,1.0,1.0,1.0,1.0,1.0,deepseek/deepseek-chat-v3.1,T03,28.0,ai,,,,
SUPPORTS,0.0,1.0,1.0,1.0,1.0,1.0,1.0,0.0,anthropic/claude-sonnet-4.5,T03,29.0,ai,,,,
SUPPORTS,1.0,1.0,1.0,1.0,1.0,1.0,1.0,1.0,deepseek/deepseek-chat-v3.1,T04,0.0,ai,,,,
SUPPORTS,1.0,1.0,1.0,1.0,1.0,1.0,1.0,1.0,deepseek/deepseek-chat-v3.1,T04,1.0,ai,,,,
SUPPORTS,1.0,1.0,0.0,1.0,1.0,1.0,1.0,1.0,anthropic/claude-sonnet-4.5,T04,2.0,ai,,,,
SUPPORTS,1.0,1.0,1.0,0.0,1.0,1.0,1.0,1.0,deepseek/deepseek-chat-v3.1,T04,3.0,ai,,,,
SUPPORTS,1.0,1.0,1.0,0.0,1.0,1.0,1.0,1.0,deepseek/deepseek-chat-v3.1,T04,4.0,ai,,,,
SUPPORTS,0.0,1.0,1.0,1.0,1.0,1.0,1.0,0.0,anthropic/claude-sonnet-4.5,T04,5.0,ai,,,,
SUPPORTS,1.0,1.0,0.0,1.0,1.0,1.0,1.0,1.0,anthropic/claude-sonnet-4.5,T04,6.0,ai,,,,
SUPPORTS,1.0,1.0,1.0,1.0,0.0,1.0,1.0,1.0,anthropic/claude-sonnet-4.5,T04,7.0,ai,,,,
NEUTRAL,1.0,1.0,1.0,1.0,1.0,1.0,0.0,1.0,anthropic/claude-sonnet-4.5,T04,8.0,ai,,,,
SUPPORTS,0.0,1.0,1.0,1.0,1.0,1.0,1.0,0.0,anthropic/claude-sonnet-4.5,T04,9.0,ai,,,,
SUPPORTS,1.0,1.0,1.0,1.0,1.0,1.0,1.0,1.0,deepseek/deepseek-chat-v3.1,T04,10.0,ai,,,,
SUPPORTS,1.0,1.0,1.0,1.0,1.0,1.0,1.0,1.0,anthropic/claude-sonnet-4.5,T04,11.0,ai,,,,
SUPPORTS,0.0,0.0,0.0,0.0,1.0,1.0,1.0,0.0,deepseek/deepseek-chat-v3.1,T04,12.0,ai,,,,
SUPPORTS,1.0,1.0,0.0,1.0,1.0,1.0,1.0,1.0,deepseek/deepseek-chat-v3.1,T04,13.0,ai,,,,
SUPPORTS,0.0,1.0,0.0,1.0,1.0,1.0,1.0,0.0,anthropic/claude-sonnet-4.5,T04,14.0,ai,,,,
SUPPORTS,1.0,1.0,1.0,1.0,1.0,1.0,1.0,1.0,anthropic/claude-sonnet-4.5,T04,15.0,ai,,,,
SUPPORTS,1.0,1.0,1.0,1.0,1.0,1.0,1.0,1.0,anthropic/claude-sonnet-4.5,T04,16.0,ai,,,,
SUPPORTS,1.0,1.0,0.0,1.0,1.0,1.0,1.0,1.0,anthropic/claude-sonnet-4.5,T04,17.0,ai,,,,
SUPPORTS,1.0,1.0,1.0,0.0,0.0,1.0,1.0,1.0,deepseek/deepseek-chat-v3.1,T04,18.0,ai,,,,
SUPPORTS,1.0,1.0,1.0,1.0,1.0,1.0,1.0,1.0,anthropic/claude-sonnet-4.5,T04,19.0,ai,,,,
SUPPORTS,1.0,1.0,0.0,1.0,1.0,1.0,1.0,1.0,deepseek/deepseek-chat-v3.1,T04,20.0,ai,,,,
SUPPORTS,1.0,1.0,0.0,0.0,1.0,1.0,1.0,1.0,deepseek/deepseek-chat-v3.1,T04,21.0,ai,,,,
SUPPORTS,1.0,1.0,1.0,0.0,1.0,1.0,1.0,1.0,deepseek/deepseek-chat-v3.1,T04,22.0,ai,,,,
SUPPORTS,1.0,1.0,1.0,1.0,1.0,1.0,1.0,1.0,deepseek/deepseek-chat-v3.1,T04,23.0,ai,,,,
SUPPORTS,1.0,1.0,1.0,1.0,1.0,1.0,1.0,1.0,anthropic/claude-sonnet-4.5,T04,24.0,ai,,,,
SUPPORTS,1.0,1.0,1.0,0.0,1.0,1.0,1.0,1.0,deepseek/deepseek-chat-v3.1,T04,25.0,ai,,,,
SUPPORTS,1.0,1.0,1.0,0.0,1.0,1.0,1.0,1.0,deepseek/deepseek-chat-v3.1,T04,26.0,ai,,,,
SUPPORTS,1.0,1.0,1.0,0.0,1.0,1.0,1.0,1.0,deepseek/deepseek-chat-v3.1,T04,27.0,ai,,,,
SUPPORTS,1.0,1.0,1.0,1.0,1.0,1.0,1.0,1.0,deepseek/deepseek-chat-v3.1,T04,28.0,ai,,,,
SUPPORTS,0.0,1.0,1.0,1.0,1.0,1.0,1.0,0.0,anthropic/claude-sonnet-4.5,T04,29.0,ai,,,,
SUPPORTS,0.0,1.0,1.0,1.0,1.0,1.0,1.0,0.0,deepseek/deepseek-chat-v3.1,T05,0.0,ai,,,,
REFUTES,1.0,1.0,0.0,0.0,1.0,1.0,0.0,0.0,anthropic/claude-sonnet-4.5,T05,1.0,ai,,,,
,,,,,,,,,deepseek/deepseek-chat-v3.1,T05,2.0,ai,,"Expecting ',' delimiter: line 1 column 61 (char 60)",,
REFUTES,1.0,1.0,1.0,1.0,1.0,1.0,1.0,1.0,anthropic/claude-sonnet-4.5,T05,3.0,ai,,,,
SUPPORTS,1.0,0.0,1.0,1.0,0.0,0.0,1.0,0.0,deepseek/deepseek-chat-v3.1,T05,4.0,ai,,,,
SUPPORTS,1.0,1.0,1.0,1.0,1.0,1.0,1.0,1.0,anthropic/claude-sonnet-4.5,T05,5.0,ai,,,,
REFUTES,0.0,1.0,1.0,1.0,1.0,1.0,1.0,0.0,anthropic/claude-sonnet-4.5,T05,6.0,ai,,,,
REFUTES,1.0,1.0,1.0,1.0,1.0,1.0,1.0,1.0,anthropic/claude-sonnet-4.5,T05,7.0,ai,,,,
REFUTES,0.0,1.0,1.0,1.0,1.0,1.0,1.0,0.0,anthropic/claude-sonnet-4.5,T05,8.0,ai,,,,
SUPPORTS,0.0,1.0,1.0,1.0,1.0,1.0,1.0,0.0,deepseek/deepseek-chat-v3.1,T05,9.0,ai,,,,
SUPPORTS,1.0,1.0,1.0,0.0,1.0,0.0,1.0,1.0,deepseek/deepseek-chat-v3.1,T05,10.0,ai,,,,
SUPPORTS,1.0,1.0,1.0,1.0,1.0,1.0,1.0,1.0,deepseek/deepseek-chat-v3.1,T05,11.0,ai,,,,
SUPPORTS,1.0,0.0,0.0,1.0,1.0,0.0,1.0,0.0,anthropic/claude-sonnet-4.5,T05,12.0,ai,,,,
SUPPORTS,0.0,1.0,0.0,0.0,1.0,1.0,1.0,0.0,deepseek/deepseek-chat-v3.1,T05,13.0,ai,,,,
SUPPORTS,1.0,1.0,1.0,1.0,1.0,0.0,1.0,1.0,anthropic/claude-sonnet-4.5,T05,14.0,ai,,,,
REFUTES,1.0,1.0,1.0,1.0,1.0,1.0,1.0,1.0,deepseek/deepseek-chat-v3.1,T05,15.0,ai,,,,
REFUTES,1.0,1.0,1.0,1.0,1.0,1.0,1.0,1.0,deepseek/deepseek-chat-v3.1,T05,16.0,ai,,,,
SUPPORTS,1.0,0.0,1.0,1.0,0.0,0.0,1.0,1.0,anthropic/claude-sonnet-4.5,T05,17.0,ai,,,,
SUPPORTS,1.0,1.0,1.0,0.0,1.0,1.0,1.0,1.0,deepseek/deepseek-chat-v3.1,T05,18.0,ai,,,,
REFUTES,1.0,1.0,1.0,1.0,1.0,1.0,1.0,1.0,deepseek/deepseek-chat-v3.1,T05,19.0,ai,,,,
REFUTES,1.0,1.0,1.0,1.0,1.0,1.0,1.0,1.0,deepseek/deepseek-chat-v3.1,T05,20.0,ai,,,,
SUPPORTS,1.0,1.0,1.0,1.0,1.0,1.0,1.0,1.0,deepseek/deepseek-chat-v3.1,T05,21.0,ai,,,,
SUPPORTS,0.0,1.0,1.0,1.0,0.0,0.0,1.0,0.0,anthropic/claude-sonnet-4.5,T05,22.0,ai,,,,
REFUTES,1.0,1.0,1.0,1.0,1.0,1.0,1.0,0.0,anthropic/claude-sonnet-4.5,T05,23.0,ai,,,,
REFUTES,1.0,1.0,1.0,1.0,1.0,1.0,1.0,1.0,deepseek/deepseek-chat-v3.1,T05,24.0,ai,,,,
REFUTES,1.0,0.0,0.0,0.0,1.0,0.0,0.0,0.0,anthropic/claude-sonnet-4.5,T05,25.0,ai,,,,
REFUTES,1.0,1.0,1.0,0.0,1.0,1.0,1.0,1.0,deepseek/deepseek-chat-v3.1,T05,26.0,ai,,,,
SUPPORTS,1.0,1.0,1.0,1.0,1.0,1.0,1.0,1.0,deepseek/deepseek-chat-v3.1,T05,27.0,ai,,,,
REFUTES,1.0,1.0,1.0,1.0,1.0,1.0,1.0,0.0,anthropic/claude-sonnet-4.5,T05,28.0,ai,,,,
REFUTES,1.0,1.0,1.0,0.0,1.0,0.0,1.0,1.0,deepseek/deepseek-chat-v3.1,T05,29.0,ai,,,,
REFUTES,1.0,1.0,1.0,1.0,1.0,1.0,1.0,1.0,deepseek/deepseek-chat-v3.1,T06,0.0,ai,,,,
REFUTES,1.0,1.0,1.0,1.0,1.0,1.0,1.0,1.0,deepseek/deepseek-chat-v3.1,T06,1.0,ai,,,,
REFUTES,0.0,1.0,1.0,1.0,1.0,1.0,0.0,0.0,anthropic/claude-sonnet-4.5,T06,2.0,ai,,,,
REFUTES,1.0,1.0,1.0,1.0,1.0,1.0,1.0,1.0,deepseek/deepseek-chat-v3.1,T06,3.0,ai,,,,
SUPPORTS,0.0,0.0,0.0,0.0,1.0,0.0,1.0,0.0,deepseek/deepseek-chat-v3.1,T06,4.0,ai,,,,
REFUTES,1.0,1.0,1.0,1.0,1.0,0.0,1.0,1.0,anthropic/claude-sonnet-4.5,T06,5.0,ai,,,,
REFUTES,1.0,1.0,1.0,1.0,1.0,1.0,1.0,1.0,deepseek/deepseek-chat-v3.1,T06,6.0,ai,,,,
REFUTES,1.0,1.0,1.0,0.0,1.0,1.0,1.0,1.0,deepseek/deepseek-chat-v3.1,T06,7.0,ai,,,,
REFUTES,1.0,1.0,1.0,1.0,1.0,0.0,1.0,1.0,anthropic/claude-sonnet-4.5,T06,8.0,ai,,,,
REFUTES,1.0,1.0,1.0,1.0,1.0,1.0,1.0,1.0,anthropic/claude-sonnet-4.5,T06,9.0,ai,,,,
REFUTES,1.0,1.0,1.0,1.0,1.0,1.0,1.0,1.0,anthropic/claude-sonnet-4.5,T06,10.0,ai,,,,
NEUTRAL,1.0,1.0,1.0,1.0,1.0,1.0,1.0,1.0,deepseek/deepseek-chat-v3.1,T06,11.0,ai,,,,
REFUTES,1.0,1.0,0.0,0.0,1.0,1.0,1.0,1.0,deepseek/deepseek-chat-v3.1,T06,12.0,ai,,,,
REFUTES,1.0,1.0,1.0,1.0,1.0,0.0,1.0,1.0,anthropic/claude-sonnet-4.5,T06,13.0,ai,,,,
SUPPORTS,0.0,1.0,1.0,1.0,0.0,1.0,0.0,0.0,anthropic/claude-sonnet-4.5,T06,14.0,ai,,,,
REFUTES,1.0,1.0,1.0,1.0,1.0,0.0,1.0,1.0,anthropic/claude-sonnet-4.5,T06,15.0,ai,,,,
REFUTES,1.0,1.0,1.0,1.0,1.0,1.0,0.0,1.0,anthropic/claude-sonnet-4.5,T06,16.0,ai,,,,
REFUTES,1.0,1.0,1.0,1.0,1.0,1.0,1.0,1.0,deepseek/deepseek-chat-v3.1,T06,17.0,ai,,,,
NEUTRAL,0.0,1.0,1.0,1.0,1.0,1.0,1.0,0.0,anthropic/claude-sonnet-4.5,T06,18.0,ai,,,,
REFUTES,1.0,1.0,1.0,1.0,1.0,1.0,1.0,1.0,anthropic/claude-sonnet-4.5,T06,19.0,ai,,,,
REFUTES,1.0,1.0,0.0,0.0,1.0,1.0,1.0,1.0,deepseek/deepseek-chat-v3.1,T06,20.0,ai,,,,
REFUTES,1.0,1.0,1.0,1.0,1.0,1.0,1.0,1.0,deepseek/deepseek-chat-v3.1,T06,21.0,ai,,,,
REFUTES,1.0,1.0,1.0,1.0,1.0,1.0,1.0,1.0,anthropic/claude-sonnet-4.5,T06,22.0,ai,,,,
REFUTES,0.0,1.0,1.0,1.0,1.0,0.0,0.0,0.0,anthropic/claude-sonnet-4.5,T06,23.0,ai,,,,
REFUTES,1.0,1.0,1.0,1.0,1.0,1.0,1.0,1.0,deepseek/deepseek-chat-v3.1,T06,24.0,ai,,,,
REFUTES,1.0,1.0,1.0,1.0,1.0,1.0,1.0,1.0,anthropic/claude-sonnet-4.5,T06,25.0,ai,,,,
REFUTES,0.0,1.0,1.0,1.0,1.0,1.0,1.0,0.0,anthropic/claude-sonnet-4.5,T06,26.0,ai,,,,
REFUTES,1.0,1.0,1.0,1.0,1.0,1.0,1.0,1.0,anthropic/claude-sonnet-4.5,T06,27.0,ai,,,,
SUPPORTS,1.0,1.0,0.0,0.0,1.0,0.0,0.0,0.0,deepseek/deepseek-chat-v3.1,T06,28.0,ai,,,,
REFUTES,1.0,1.0,1.0,1.0,1.0,1.0,1.0,1.0,anthropic/claude-sonnet-4.5,T06,29.0,ai,,,,
SUPPORTS,0.0,1.0,1.0,1.0,1.0,1.0,1.0,0.0,anthropic/claude-sonnet-4.5,T07,0.0,ai,,,,
SUPPORTS,1.0,1.0,1.0,0.0,1.0,1.0,1.0,1.0,deepseek/deepseek-chat-v3.1,T07,1.0,ai,,,,
NEUTRAL,1.0,1.0,1.0,1.0,1.0,1.0,1.0,1.0,anthropic/claude-sonnet-4.5,T07,2.0,ai,,,,
SUPPORTS,1.0,1.0,1.0,1.0,1.0,1.0,0.0,1.0,deepseek/deepseek-chat-v3.1,T07,3.0,ai,,,,
SUPPORTS,1.0,1.0,1.0,0.0,1.0,1.0,0.0,1.0,deepseek/deepseek-chat-v3.1,T07,4.0,ai,,,,
SUPPORTS,1.0,1.0,0.0,1.0,1.0,1.0,1.0,1.0,anthropic/claude-sonnet-4.5,T07,5.0,ai,,,,
SUPPORTS,1.0,1.0,1.0,1.0,1.0,1.0,0.0,1.0,deepseek/deepseek-chat-v3.1,T07,6.0,ai,,,,
SUPPORTS,1.0,1.0,0.0,1.0,1.0,1.0,0.0,1.0,deepseek/deepseek-chat-v3.1,T07,7.0,ai,,,,
SUPPORTS,1.0,1.0,1.0,1.0,0.0,1.0,0.0,1.0,anthropic/claude-sonnet-4.5,T07,8.0,ai,,,,
SUPPORTS,1.0,1.0,1.0,1.0,1.0,1.0,1.0,1.0,deepseek/deepseek-chat-v3.1,T07,9.0,ai,,,,
SUPPORTS,0.0,1.0,1.0,1.0,0.0,1.0,0.0,0.0,anthropic/claude-sonnet-4.5,T07,10.0,ai,,,,
SUPPORTS,1.0,1.0,1.0,1.0,1.0,1.0,0.0,1.0,anthropic/claude-sonnet-4.5,T07,11.0,ai,,,,
SUPPORTS,0.0,1.0,1.0,1.0,1.0,1.0,1.0,0.0,anthropic/claude-sonnet-4.5,T07,12.0,ai,,,,
SUPPORTS,0.0,1.0,1.0,1.0,1.0,1.0,1.0,0.0,anthropic/claude-sonnet-4.5,T07,13.0,ai,,,,
SUPPORTS,0.0,1.0,1.0,1.0,0.0,1.0,0.0,0.0,anthropic/claude-sonnet-4.5,T07,14.0,ai,,,,
SUPPORTS,0.0,1.0,1.0,1.0,1.0,1.0,1.0,0.0,anthropic/claude-sonnet-4.5,T07,15.0,ai,,,,
SUPPORTS,1.0,1.0,1.0,1.0,1.0,1.0,1.0,1.0,anthropic/claude-sonnet-4.5,T07,16.0,ai,,,,
SUPPORTS,1.0,1.0,1.0,1.0,1.0,1.0,1.0,1.0,deepseek/deepseek-chat-v3.1,T07,17.0,ai,,,,
SUPPORTS,1.0,1.0,1.0,1.0,1.0,1.0,1.0,1.0,deepseek/deepseek-chat-v3.1,T07,18.0,ai,,,,
SUPPORTS,1.0,1.0,1.0,0.0,1.0,1.0,1.0,1.0,deepseek/deepseek-chat-v3.1,T07,19.0,ai,,,,
SUPPORTS,1.0,1.0,1.0,1.0,1.0,1.0,1.0,1.0,anthropic/claude-sonnet-4.5,T07,20.0,ai,,,,
SUPPORTS,1.0,1.0,1.0,0.0,1.0,1.0,1.0,1.0,deepseek/deepseek-chat-v3.1,T07,21.0,ai,,,,
SUPPORTS,1.0,1.0,1.0,1.0,1.0,1.0,1.0,1.0,anthropic/claude-sonnet-4.5,T07,22.0,ai,,,,
SUPPORTS,1.0,1.0,1.0,1.0,1.0,1.0,1.0,1.0,deepseek/deepseek-chat-v3.1,T07,23.0,ai,,,,
SUPPORTS,1.0,1.0,1.0,1.0,1.0,1.0,1.0,1.0,deepseek/deepseek-chat-v3.1,T07,24.0,ai,,,,
REFUTES,1.0,1.0,1.0,0.0,1.0,1.0,1.0,1.0,anthropic/claude-sonnet-4.5,T07,25.0,ai,,,,
SUPPORTS,1.0,1.0,1.0,1.0,1.0,1.0,1.0,1.0,deepseek/deepseek-chat-v3.1,T07,26.0,ai,,,,
SUPPORTS,1.0,1.0,1.0,1.0,1.0,1.0,1.0,1.0,deepseek/deepseek-chat-v3.1,T07,27.0,ai,,,,
SUPPORTS,0.0,1.0,1.0,1.0,1.0,1.0,1.0,0.0,anthropic/claude-sonnet-4.5,T07,28.0,ai,,,,
SUPPORTS,0.0,1.0,1.0,1.0,1.0,1.0,1.0,0.0,anthropic/claude-sonnet-4.5,T07,29.0,ai,,,,
REFUTES,1.0,1.0,1.0,1.0,1.0,1.0,1.0,1.0,deepseek/deepseek-chat-v3.1,T08,0.0,ai,,,,
REFUTES,1.0,1.0,1.0,1.0,1.0,1.0,1.0,1.0,deepseek/deepseek-chat-v3.1,T08,1.0,ai,,,,
REFUTES,1.0,1.0,1.0,1.0,1.0,1.0,1.0,1.0,deepseek/deepseek-chat-v3.1,T08,2.0,ai,,,,
REFUTES,1.0,1.0,1.0,0.0,1.0,1.0,1.0,1.0,anthropic/claude-sonnet-4.5,T08,3.0,ai,,,,
REFUTES,1.0,1.0,1.0,1.0,1.0,1.0,1.0,1.0,deepseek/deepseek-chat-v3.1,T08,4.0,ai,,,,
SUPPORTS,1.0,1.0,0.0,0.0,1.0,1.0,0.0,0.0,deepseek/deepseek-chat-v3.1,T08,5.0,ai,,,,
REFUTES,1.0,1.0,1.0,1.0,1.0,0.0,0.0,1.0,anthropic/claude-sonnet-4.5,T08,6.0,ai,,,,
REFUTES,1.0,1.0,1.0,1.0,1.0,1.0,1.0,1.0,deepseek/deepseek-chat-v3.1,T08,7.0,ai,,,,
REFUTES,1.0,1.0,1.0,1.0,1.0,1.0,1.0,1.0,deepseek/deepseek-chat-v3.1,T08,8.0,ai,,,,
REFUTES,1.0,1.0,1.0,1.0,1.0,1.0,0.0,1.0,anthropic/claude-sonnet-4.5,T08,9.0,ai,,,,
REFUTES,1.0,1.0,1.0,0.0,1.0,1.0,1.0,1.0,deepseek/deepseek-chat-v3.1,T08,10.0,ai,,,,
REFUTES,1.0,1.0,1.0,1.0,1.0,1.0,1.0,1.0,deepseek/deepseek-chat-v3.1,T08,11.0,ai,,,,
REFUTES,1.0,1.0,0.0,1.0,1.0,1.0,0.0,1.0,anthropic/claude-sonnet-4.5,T08,12.0,ai,,,,
REFUTES,1.0,1.0,1.0,1.0,1.0,1.0,1.0,1.0,anthropic/claude-sonnet-4.5,T08,13.0,ai,,,,
REFUTES,1.0,1.0,1.0,0.0,1.0,1.0,1.0,1.0,anthropic/claude-sonnet-4.5,T08,14.0,ai,,,,
REFUTES,1.0,1.0,1.0,1.0,1.0,1.0,0.0,1.0,anthropic/claude-sonnet-4.5,T08,15.0,ai,,,,
REFUTES,1.0,1.0,1.0,1.0,1.0,1.0,1.0,1.0,deepseek/deepseek-chat-v3.1,T08,16.0,ai,,,,
REFUTES,1.0,1.0,1.0,0.0,1.0,1.0,1.0,1.0,deepseek/deepseek-chat-v3.1,T08,17.0,ai,,,,
REFUTES,1.0,1.0,0.0,1.0,1.0,1.0,1.0,1.0,deepseek/deepseek-chat-v3.1,T08,18.0,ai,,,,
REFUTES,1.0,1.0,1.0,0.0,1.0,1.0,1.0,1.0,deepseek/deepseek-chat-v3.1,T08,19.0,ai,,,,
REFUTES,1.0,1.0,1.0,0.0,1.0,1.0,1.0,1.0,deepseek/deepseek-chat-v3.1,T08,20.0,ai,,,,
REFUTES,1.0,1.0,1.0,1.0,1.0,1.0,1.0,1.0,deepseek/deepseek-chat-v3.1,T08,21.0,ai,,,,
REFUTES,1.0,1.0,1.0,0.0,1.0,1.0,0.0,1.0,deepseek/deepseek-chat-v3.1,T08,22.0,ai,,,,
REFUTES,1.0,1.0,1.0,1.0,1.0,1.0,1.0,1.0,anthropic/claude-sonnet-4.5,T08,23.0,ai,,,,
REFUTES,1.0,1.0,1.0,1.0,1.0,1.0,1.0,1.0,anthropic/claude-sonnet-4.5,T08,24.0,ai,,,,
REFUTES,1.0,1.0,1.0,1.0,1.0,1.0,1.0,1.0,deepseek/deepseek-chat-v3.1,T08,25.0,ai,,,,
REFUTES,1.0,1.0,1.0,1.0,1.0,1.0,1.0,1.0,deepseek/deepseek-chat-v3.1,T08,26.0,ai,,,,
REFUTES,1.0,1.0,1.0,0.0,1.0,1.0,1.0,1.0,deepseek/deepseek-chat-v3.1,T08,27.0,ai,,,,
REFUTES,1.0,1.0,1.0,0.0,1.0,1.0,1.0,1.0,deepseek/deepseek-chat-v3.1,T08,28.0,ai,,,,
REFUTES,1.0,1.0,1.0,1.0,1.0,1.0,1.0,1.0,deepseek/deepseek-chat-v3.1,T08,29.0,ai,,,,
NEUTRAL,0.0,1.0,1.0,1.0,1.0,1.0,1.0,0.0,anthropic/claude-sonnet-4.5,T09,0.0,ai,,,,
SUPPORTS,1.0,1.0,1.0,0.0,1.0,1.0,1.0,1.0,deepseek/deepseek-chat-v3.1,T09,1.0,ai,,,,
REFUTES,0.0,1.0,1.0,1.0,1.0,1.0,0.0,0.0,anthropic/claude-sonnet-4.5,T09,2.0,ai,,,,
SUPPORTS,0.0,1.0,0.0,0.0,1.0,1.0,1.0,0.0,anthropic/claude-sonnet-4.5,T09,3.0,ai,,,,
SUPPORTS,1.0,1.0,1.0,0.0,1.0,1.0,1.0,1.0,anthropic/claude-sonnet-4.5,T09,4.0,ai,,,,
SUPPORTS,1.0,1.0,1.0,1.0,1.0,1.0,1.0,1.0,anthropic/claude-sonnet-4.5,T09,5.0,ai,,,,
SUPPORTS,0.0,1.0,1.0,1.0,1.0,1.0,1.0,0.0,anthropic/claude-sonnet-4.5,T09,6.0,ai,,,,
SUPPORTS,0.0,1.0,1.0,1.0,1.0,1.0,1.0,0.0,anthropic/claude-sonnet-4.5,T09,7.0,ai,,,,
SUPPORTS,1.0,1.0,1.0,1.0,1.0,1.0,1.0,1.0,deepseek/deepseek-chat-v3.1,T09,8.0,ai,,,,
SUPPORTS,1.0,1.0,1.0,0.0,0.0,1.0,1.0,1.0,anthropic/claude-sonnet-4.5,T09,9.0,ai,,,,
SUPPORTS,0.0,1.0,1.0,1.0,1.0,1.0,1.0,0.0,anthropic/claude-sonnet-4.5,T09,10.0,ai,,,,
SUPPORTS,1.0,1.0,1.0,1.0,1.0,1.0,1.0,0.0,anthropic/claude-sonnet-4.5,T09,11.0,ai,,,,
SUPPORTS,1.0,1.0,1.0,1.0,1.0,1.0,1.0,1.0,deepseek/deepseek-chat-v3.1,T09,12.0,ai,,,,
NEUTRAL,0.0,1.0,1.0,1.0,1.0,1.0,0.0,0.0,anthropic/claude-sonnet-4.5,T09,13.0,ai,,,,
SUPPORTS,1.0,1.0,1.0,1.0,0.0,1.0,1.0,1.0,deepseek/deepseek-chat-v3.1,T09,14.0,ai,,,,
SUPPORTS,1.0,1.0,1.0,0.0,1.0,1.0,1.0,1.0,deepseek/deepseek-chat-v3.1,T09,15.0,ai,,,,
REFUTES,1.0,1.0,1.0,1.0,1.0,1.0,0.0,0.0,anthropic/claude-sonnet-4.5,T09,16.0,ai,,,,
SUPPORTS,1.0,1.0,1.0,0.0,1.0,1.0,1.0,1.0,deepseek/deepseek-chat-v3.1,T09,17.0,ai,,,,
SUPPORTS,1.0,1.0,1.0,0.0,1.0,1.0,1.0,1.0,deepseek/deepseek-chat-v3.1,T09,18.0,ai,,,,
SUPPORTS,1.0,1.0,1.0,1.0,1.0,1.0,1.0,1.0,anthropic/claude-sonnet-4.5,T09,19.0,ai,,,,
REFUTES,0.0,1.0,1.0,1.0,1.0,1.0,0.0,0.0,anthropic/claude-sonnet-4.5,T09,20.0,ai,,,,
SUPPORTS,1.0,1.0,1.0,1.0,0.0,1.0,0.0,1.0,anthropic/claude-sonnet-4.5,T09,21.0,ai,,,,
SUPPORTS,1.0,1.0,1.0,0.0,1.0,1.0,1.0,1.0,deepseek/deepseek-chat-v3.1,T09,22.0,ai,,,,
SUPPORTS,1.0,1.0,1.0,1.0,1.0,1.0,1.0,1.0,deepseek/deepseek-chat-v3.1,T09,23.0,ai,,,,
SUPPORTS,0.0,0.0,0.0,0.0,1.0,1.0,1.0,0.0,deepseek/deepseek-chat-v3.1,T09,24.0,ai,,,,
SUPPORTS,1.0,1.0,0.0,0.0,1.0,1.0,1.0,1.0,anthropic/claude-sonnet-4.5,T09,25.0,ai,,,,
,,,,,,,,,deepseek/deepseek-chat-v3.1,T09,26.0,ai,,Expecting ':' delimiter: line 1 column 6 (char 5),,
,,,1.0,0.0,1.0,1.0,1.0,1.0,deepseek/deepseek-chat-v3.1,T09,27.0,ai,,,1.0,
SUPPORTS,1.0,1.0,1.0,1.0,1.0,1.0,0.0,1.0,anthropic/claude-sonnet-4.5,T09,28.0,ai,,,,
SUPPORTS,0.0,1.0,1.0,1.0,1.0,1.0,1.0,0.0,deepseek/deepseek-chat-v3.1,T09,29.0,ai,,,,
REFUTES,1.0,1.0,1.0,0.0,1.0,1.0,1.0,1.0,anthropic/claude-sonnet-4.5,T10,0.0,ai,,,,
SUPPORTS,1.0,1.0,1.0,1.0,1.0,1.0,1.0,1.0,anthropic/claude-sonnet-4.5,T10,1.0,ai,,,,
SUPPORTS,0.0,1.0,1.0,0.0,1.0,1.0,1.0,0.0,anthropic/claude-sonnet-4.5,T10,2.0,ai,,,,
REFUTES,0.0,1.0,1.0,1.0,1.0,1.0,0.0,0.0,anthropic/claude-sonnet-4.5,T10,3.0,ai,,,,
SUPPORTS,0.0,1.0,1.0,1.0,1.0,1.0,1.0,0.0,anthropic/claude-sonnet-4.5,T10,4.0,ai,,,,
SUPPORTS,1.0,1.0,1.0,0.0,1.0,1.0,1.0,1.0,anthropic/claude-sonnet-4.5,T10,5.0,ai,,,,
SUPPORTS,1.0,1.0,1.0,1.0,1.0,1.0,1.0,1.0,anthropic/claude-sonnet-4.5,T10,6.0,ai,,,,
REFUTES,1.0,1.0,1.0,1.0,1.0,1.0,1.0,1.0,anthropic/claude-sonnet-4.5,T10,7.0,ai,,,,
SUPPORTS,1.0,1.0,1.0,1.0,1.0,1.0,1.0,1.0,deepseek/deepseek-chat-v3.1,T10,8.0,ai,,,,
SUPPORTS,1.0,1.0,1.0,1.0,1.0,1.0,1.0,1.0,anthropic/claude-sonnet-4.5,T10,9.0,ai,,,,
SUPPORTS,1.0,1.0,1.0,1.0,1.0,1.0,1.0,1.0,anthropic/claude-sonnet-4.5,T10,10.0,ai,,,,
SUPPORTS,1.0,1.0,0.0,0.0,1.0,1.0,1.0,1.0,deepseek/deepseek-chat-v3.1,T10,11.0,ai,,,,
SUPPORTS,0.0,1.0,1.0,1.0,1.0,1.0,1.0,0.0,anthropic/claude-sonnet-4.5,T10,12.0,ai,,,,
REFUTES,1.0,1.0,1.0,1.0,1.0,1.0,1.0,1.0,anthropic/claude-sonnet-4.5,T10,13.0,ai,,,,
SUPPORTS,1.0,1.0,1.0,1.0,1.0,1.0,0.0,1.0,anthropic/claude-sonnet-4.5,T10,14.0,ai,,,,
SUPPORTS,1.0,1.0,1.0,0.0,1.0,1.0,1.0,1.0,deepseek/deepseek-chat-v3.1,T10,15.0,ai,,,,
SUPPORTS,1.0,1.0,1.0,0.0,1.0,1.0,1.0,1.0,deepseek/deepseek-chat-v3.1,T10,16.0,ai,,,,
NEUTRAL,1.0,1.0,1.0,1.0,1.0,1.0,1.0,1.0,anthropic/claude-sonnet-4.5,T10,17.0,ai,,,,
SUPPORTS,1.0,1.0,1.0,0.0,1.0,1.0,1.0,1.0,deepseek/deepseek-chat-v3.1,T10,18.0,ai,,,,
SUPPORTS,0.0,1.0,1.0,0.0,1.0,1.0,1.0,0.0,deepseek/deepseek-chat-v3.1,T10,19.0,ai,,,,
SUPPORTS,1.0,1.0,1.0,1.0,1.0,1.0,1.0,1.0,anthropic/claude-sonnet-4.5,T10,20.0,ai,,,,
SUPPORTS,1.0,1.0,0.0,1.0,1.0,1.0,1.0,1.0,deepseek/deepseek-chat-v3.1,T10,21.0,ai,,,,
SUPPORTS,0.0,1.0,1.0,1.0,1.0,1.0,1.0,0.0,anthropic/claude-sonnet-4.5,T10,22.0,ai,,,,
SUPPORTS,0.0,1.0,1.0,1.0,1.0,1.0,1.0,0.0,anthropic/claude-sonnet-4.5,T10,23.0,ai,,,,
REFUTES,1.0,1.0,1.0,1.0,1.0,1.0,1.0,1.0,anthropic/claude-sonnet-4.5,T10,24.0,ai,,,,
,,,,,,,,,deepseek/deepseek-chat-v3.1,T10,25.0,ai,,Expecting value: line 1 column 1 (char 0),,
SUPPORTS,1.0,1.0,1.0,1.0,1.0,1.0,1.0,1.0,anthropic/claude-sonnet-4.5,T10,26.0,ai,,,,
SUPPORTS,1.0,1.0,1.0,1.0,0.0,1.0,0.0,1.0,anthropic/claude-sonnet-4.5,T10,27.0,ai,,,,
SUPPORTS,1.0,1.0,1.0,1.0,1.0,1.0,1.0,1.0,anthropic/claude-sonnet-4.5,T10,28.0,ai,,,,
SUPPORTS,1.0,1.0,1.0,1.0,1.0,1.0,1.0,1.0,anthropic/claude-sonnet-4.5,T10,29.0,ai,,,,
NEUTRAL,1.0,1.0,1.0,0.0,1.0,1.0,0.0,0.0,anthropic/claude-sonnet-4.5,T11,0.0,ai,,,,
SUPPORTS,0.0,1.0,1.0,0.0,1.0,1.0,1.0,0.0,anthropic/claude-sonnet-4.5,T11,1.0,ai,,,,
SUPPORTS,0.0,0.0,0.0,0.0,1.0,1.0,1.0,0.0,deepseek/deepseek-chat-v3.1,T11,2.0,ai,,,,
,,,,,,,,,deepseek/deepseek-chat-v3.1,T11,3.0,ai,,Expecting ':' delimiter: line 1 column 42 (char 41),,
SUPPORTS,1.0,1.0,1.0,1.0,1.0,1.0,1.0,1.0,deepseek/deepseek-chat-v3.1,T11,4.0,ai,,,,
REFUTES,1.0,1.0,1.0,1.0,1.0,1.0,1.0,1.0,anthropic/claude-sonnet-4.5,T11,5.0,ai,,,,
SUPPORTS,1.0,1.0,1.0,0.0,1.0,1.0,1.0,1.0,deepseek/deepseek-chat-v3.1,T11,6.0,ai,,,,
REFUTES,0.0,1.0,1.0,1.0,1.0,1.0,1.0,0.0,deepseek/deepseek-chat-v3.1,T11,7.0,ai,,,,
SUPPORTS,1.0,1.0,1.0,1.0,1.0,1.0,1.0,1.0,anthropic/claude-sonnet-4.5,T11,8.0,ai,,,,
REFUTES,1.0,1.0,1.0,1.0,1.0,1.0,1.0,1.0,anthropic/claude-sonnet-4.5,T11,9.0,ai,,,,
REFUTES,1.0,1.0,1.0,1.0,1.0,1.0,1.0,1.0,deepseek/deepseek-chat-v3.1,T11,10.0,ai,,,,
SUPPORTS,1.0,1.0,1.0,1.0,1.0,1.0,1.0,1.0,deepseek/deepseek-chat-v3.1,T11,11.0,ai,,,,
SUPPORTS,1.0,1.0,0.0,1.0,1.0,1.0,1.0,1.0,anthropic/claude-sonnet-4.5,T11,12.0,ai,,,,
SUPPORTS,0.0,1.0,1.0,1.0,1.0,1.0,1.0,0.0,anthropic/claude-sonnet-4.5,T11,13.0,ai,,,,
SUPPORTS,1.0,1.0,0.0,0.0,1.0,1.0,1.0,1.0,anthropic/claude-sonnet-4.5,T11,14.0,ai,,,,
SUPPORTS,1.0,1.0,1.0,1.0,1.0,1.0,1.0,1.0,deepseek/deepseek-chat-v3.1,T11,15.0,ai,,,,
SUPPORTS,1.0,1.0,1.0,1.0,1.0,1.0,1.0,1.0,anthropic/claude-sonnet-4.5,T11,16.0,ai,,,,
SUPPORTS,1.0,1.0,1.0,1.0,1.0,1.0,1.0,0.0,anthropic/claude-sonnet-4.5,T11,17.0,ai,,,,
SUPPORTS,0.0,1.0,1.0,1.0,1.0,1.0,1.0,0.0,anthropic/claude-sonnet-4.5,T11,18.0,ai,,,,
SUPPORTS,1.0,1.0,1.0,0.0,1.0,1.0,1.0,1.0,deepseek/deepseek-chat-v3.1,T11,19.0,ai,,,,
SUPPORTS,0.0,0.0,1.0,0.0,1.0,1.0,1.0,0.0,deepseek/deepseek-chat-v3.1,T11,20.0,ai,,,,
SUPPORTS,1.0,1.0,1.0,0.0,1.0,1.0,1.0,1.0,deepseek/deepseek-chat-v3.1,T11,21.0,ai,,,,
SUPPORTS,1.0,1.0,0.0,0.0,1.0,1.0,1.0,0.0,anthropic/claude-sonnet-4.5,T11,22.0,ai,,,,
SUPPORTS,0.0,1.0,1.0,1.0,1.0,1.0,1.0,0.0,anthropic/claude-sonnet-4.5,T11,23.0,ai,,,,
SUPPORTS,1.0,1.0,1.0,0.0,0.0,1.0,1.0,1.0,deepseek/deepseek-chat-v3.1,T11,24.0,ai,,,,
SUPPORTS,1.0,1.0,0.0,0.0,1.0,1.0,1.0,1.0,deepseek/deepseek-chat-v3.1,T11,25.0,ai,,,,
SUPPORTS,1.0,1.0,1.0,1.0,1.0,1.0,1.0,1.0,anthropic/claude-sonnet-4.5,T11,26.0,ai,,,,
SUPPORTS,0.0,1.0,1.0,0.0,1.0,1.0,1.0,0.0,anthropic/claude-sonnet-4.5,T11,27.0,ai,,,,
REFUTES,1.0,1.0,1.0,0.0,1.0,1.0,1.0,1.0,deepseek/deepseek-chat-v3.1,T11,28.0,ai,,,,
SUPPORTS,0.0,1.0,1.0,1.0,0.0,1.0,0.0,0.0,anthropic/claude-sonnet-4.5,T11,29.0,ai,,,,
SUPPORTS,1.0,1.0,1.0,0.0,1.0,1.0,1.0,1.0,deepseek/deepseek-chat-v3.1,T12,0.0,ai,,,,
SUPPORTS,0.0,1.0,1.0,1.0,1.0,1.0,1.0,0.0,anthropic/claude-sonnet-4.5,T12,1.0,ai,,,,
SUPPORTS,1.0,1.0,1.0,1.0,1.0,1.0,1.0,1.0,deepseek/deepseek-chat-v3.1,T12,2.0,ai,,,,
SUPPORTS,0.0,1.0,1.0,1.0,1.0,1.0,1.0,0.0,deepseek/deepseek-chat-v3.1,T12,3.0,ai,,,,
SUPPORTS,1.0,1.0,1.0,0.0,1.0,1.0,1.0,1.0,deepseek/deepseek-chat-v3.1,T12,4.0,ai,,,,
SUPPORTS,1.0,1.0,1.0,1.0,1.0,1.0,1.0,1.0,deepseek/deepseek-chat-v3.1,T12,5.0,ai,,,,
SUPPORTS,0.0,1.0,1.0,1.0,1.0,1.0,0.0,0.0,anthropic/claude-sonnet-4.5,T12,6.0,ai,,,,
SUPPORTS,0.0,1.0,1.0,1.0,1.0,1.0,1.0,0.0,anthropic/claude-sonnet-4.5,T12,7.0,ai,,,,
SUPPORTS,0.0,0.0,0.0,0.0,1.0,1.0,0.0,0.0,deepseek/deepseek-chat-v3.1,T12,8.0,ai,,,,
SUPPORTS,1.0,1.0,1.0,1.0,1.0,1.0,1.0,1.0,anthropic/claude-sonnet-4.5,T12,9.0,ai,,,,
SUPPORTS,1.0,1.0,1.0,1.0,1.0,1.0,1.0,1.0,anthropic/claude-sonnet-4.5,T12,10.0,ai,,,,
SUPPORTS,1.0,1.0,1.0,1.0,1.0,1.0,1.0,1.0,anthropic/claude-sonnet-4.5,T12,11.0,ai,,,,
SUPPORTS,0.0,1.0,1.0,1.0,1.0,1.0,1.0,0.0,anthropic/claude-sonnet-4.5,T12,12.0,ai,,,,
SUPPORTS,1.0,1.0,1.0,0.0,1.0,1.0,1.0,1.0,deepseek/deepseek-chat-v3.1,T12,13.0,ai,,,,
SUPPORTS,1.0,1.0,1.0,0.0,1.0,1.0,1.0,1.0,deepseek/deepseek-chat-v3.1,T12,14.0,ai,,,,
SUPPORTS,0.0,1.0,1.0,1.0,1.0,1.0,1.0,0.0,anthropic/claude-sonnet-4.5,T12,15.0,ai,,,,
SUPPORTS,0.0,1.0,1.0,1.0,1.0,1.0,0.0,0.0,anthropic/claude-sonnet-4.5,T12,16.0,ai,,,,
SUPPORTS,1.0,1.0,1.0,1.0,1.0,1.0,1.0,1.0,anthropic/claude-sonnet-4.5,T12,17.0,ai,,,,
SUPPORTS,1.0,1.0,1.0,1.0,1.0,1.0,1.0,1.0,anthropic/claude-sonnet-4.5,T12,18.0,ai,,,,
SUPPORTS,1.0,1.0,1.0,1.0,1.0,1.0,1.0,1.0,anthropic/claude-sonnet-4.5,T12,19.0,ai,,,,
,,,,,,,,,deepseek/deepseek-chat-v3.1,T12,20.0,ai,,Unterminated string starting at: line 1 column 81 (char 80),,
SUPPORTS,1.0,1.0,1.0,1.0,0.0,1.0,0.0,1.0,anthropic/claude-sonnet-4.5,T12,21.0,ai,,,,
SUPPORTS,1.0,1.0,1.0,0.0,1.0,1.0,1.0,1.0,deepseek/deepseek-chat-v3.1,T12,22.0,ai,,,,
SUPPORTS,1.0,1.0,1.0,1.0,1.0,1.0,1.0,1.0,anthropic/claude-sonnet-4.5,T12,23.0,ai,,,,
SUPPORTS,1.0,1.0,1.0,0.0,1.0,1.0,1.0,1.0,deepseek/deepseek-chat-v3.1,T12,24.0,ai,,,,
,,,,,,,,,deepseek/deepseek-chat-v3.1,T12,25.0,ai,,Expecting value: line 1 column 1 (char 0),,
SUPPORTS,1.0,1.0,1.0,0.0,1.0,1.0,1.0,1.0,deepseek/deepseek-chat-v3.1,T12,26.0,ai,,,,
SUPPORTS,0.0,1.0,1.0,0.0,1.0,1.0,1.0,0.0,deepseek/deepseek-chat-v3.1,T12,27.0,ai,,,,
SUPPORTS,1.0,1.0,1.0,0.0,1.0,1.0,1.0,1.0,deepseek/deepseek-chat-v3.1,T12,28.0,ai,,,,
SUPPORTS,1.0,1.0,1.0,0.0,1.0,1.0,1.0,1.0,deepseek/deepseek-chat-v3.1,T12,29.0,ai,,,,
SUPPORTS,1.0,1.0,0.0,0.0,1.0,1.0,1.0,1.0,anthropic/claude-sonnet-4.5,T01,,human,,,,41497081.0
SUPPORTS,0.0,0.0,0.0,0.0,1.0,0.0,1.0,0.0,anthropic/claude-sonnet-4.5,T01,,human,,,,41612523.0
SUPPORTS,0.0,0.0,0.0,0.0,0.0,0.0,0.0,0.0,deepseek/deepseek-chat-v3.1,T01,,human,,,,41892413.0
NEUTRAL,1.0,0.0,0.0,0.0,0.0,0.0,0.0,0.0,deepseek/deepseek-chat-v3.1,T01,,human,,,,41743374.0
NEUTRAL,1.0,1.0,1.0,1.0,1.0,1.0,1.0,1.0,anthropic/claude-sonnet-4.5,T01,,human,,,,41834846.0
SUPPORTS,1.0,1.0,1.0,1.0,1.0,1.0,1.0,1.0,anthropic/claude-sonnet-4.5,T01,,human,,,,40931979.0
SUPPORTS,0.0,0.0,0.0,0.0,0.0,0.0,0.0,0.0,deepseek/deepseek-chat-v3.1,T01,,human,,,,41953220.0
SUPPORTS,1.0,1.0,1.0,1.0,1.0,1.0,1.0,1.0,anthropic/claude-sonnet-4.5,T01,,human,,,,41039263.0
REFUTES,1.0,1.0,1.0,0.0,1.0,1.0,1.0,1.0,deepseek/deepseek-chat-v3.1,T01,,human,,,,41675330.0
SUPPORTS,1.0,1.0,0.0,0.0,1.0,1.0,1.0,1.0,deepseek/deepseek-chat-v3.1,T01,,human,,,,41798849.0
NEUTRAL,0.0,0.0,0.0,0.0,0.0,0.0,0.0,0.0,anthropic/claude-sonnet-4.5,T02,,human,,,,41669146.0
NEUTRAL,0.0,0.0,0.0,0.0,0.0,0.0,0.0,0.0,deepseek/deepseek-chat-v3.1,T02,,human,,,,41683321.0
REFUTES,1.0,1.0,1.0,1.0,1.0,1.0,1.0,1.0,deepseek/deepseek-chat-v3.1,T02,,human,,,,41572980.0
SUPPORTS,1.0,0.0,0.0,0.0,0.0,0.0,0.0,0.0,anthropic/claude-sonnet-4.5,T02,,human,,,,41897801.0
NEUTRAL,1.0,1.0,1.0,1.0,1.0,1.0,1.0,1.0,anthropic/claude-sonnet-4.5,T02,,human,,,,41615824.0
NEUTRAL,1.0,1.0,0.0,0.0,1.0,1.0,0.0,0.0,anthropic/claude-sonnet-4.5,T02,,human,,,,41868826.0
SUPPORTS,0.0,0.0,0.0,0.0,0.0,0.0,1.0,0.0,deepseek/deepseek-chat-v3.1,T02,,human,,,,41155474.0
NEUTRAL,0.0,0.0,0.0,0.0,0.0,0.0,0.0,0.0,deepseek/deepseek-chat-v3.1,T02,,human,,,,41209105.0
SUPPORTS,0.0,0.0,0.0,0.0,0.0,0.0,0.0,0.0,deepseek/deepseek-chat-v3.1,T02,,human,,,,41994836.0
NEUTRAL,1.0,1.0,1.0,1.0,1.0,1.0,1.0,1.0,deepseek/deepseek-chat-v3.1,T02,,human,,,,41651011.0
SUPPORTS,0.0,0.0,0.0,0.0,0.0,0.0,0.0,0.0,anthropic/claude-sonnet-4.5,T03,,human,,,,40418260.0
SUPPORTS,1.0,1.0,0.0,1.0,1.0,1.0,1.0,1.0,deepseek/deepseek-chat-v3.1,T03,,human,,,,41523650.0
SUPPORTS,0.0,0.0,0.0,0.0,1.0,1.0,1.0,0.0,anthropic/claude-sonnet-4.5,T03,,human,,,,41305640.0
SUPPORTS,1.0,1.0,1.0,0.0,1.0,0.0,1.0,1.0,deepseek/deepseek-chat-v3.1,T03,,human,,,,41598699.0
SUPPORTS,1.0,1.0,0.0,0.0,1.0,1.0,1.0,1.0,anthropic/claude-sonnet-4.5,T03,,human,,,,41939196.0
SUPPORTS,0.0,0.0,0.0,0.0,1.0,0.0,1.0,0.0,deepseek/deepseek-chat-v3.1,T03,,human,,,,41598300.0
SUPPORTS,0.0,1.0,1.0,1.0,1.0,1.0,1.0,0.0,anthropic/claude-sonnet-4.5,T03,,human,,,,41599777.0
REFUTES,1.0,1.0,1.0,1.0,1.0,1.0,1.0,1.0,deepseek/deepseek-chat-v3.1,T03,,human,,,,41481294.0
SUPPORTS,0.0,0.0,0.0,0.0,1.0,1.0,1.0,0.0,deepseek/deepseek-chat-v3.1,T03,,human,,,,41141173.0
NEUTRAL,1.0,1.0,1.0,1.0,1.0,1.0,1.0,1.0,anthropic/claude-sonnet-4.5,T03,,human,,,,41599894.0
,,,,,,,,,deepseek/deepseek-chat-v3.1,T04,,human,,Unterminated string starting at: line 1 column 2 (char 1),,41476304.0
SUPPORTS,0.0,0.0,0.0,0.0,0.0,0.0,0.0,0.0,deepseek/deepseek-chat-v3.1,T04,,human,,,,41800099.0
SUPPORTS,1.0,1.0,1.0,0.0,1.0,0.0,1.0,1.0,anthropic/claude-sonnet-4.5,T04,,human,,,,41523478.0
SUPPORTS,1.0,1.0,0.0,0.0,1.0,0.0,0.0,0.0,deepseek/deepseek-chat-v3.1,T04,,human,,,,41867423.0
NEUTRAL,1.0,1.0,1.0,1.0,1.0,1.0,1.0,1.0,anthropic/claude-sonnet-4.5,T04,,human,,,,41812583.0
NEUTRAL,0.0,0.0,0.0,0.0,0.0,0.0,0.0,0.0,deepseek/deepseek-chat-v3.1,T04,,human,,,,41899085.0
REFUTES,1.0,1.0,1.0,0.0,1.0,1.0,0.0,0.0,anthropic/claude-sonnet-4.5,T04,,human,,,,41341951.0
NEUTRAL,1.0,0.0,0.0,0.0,0.0,0.0,0.0,0.0,anthropic/claude-sonnet-4.5,T04,,human,,,,41859307.0
SUPPORTS,1.0,1.0,1.0,0.0,1.0,1.0,1.0,1.0,deepseek/deepseek-chat-v3.1,T04,,human,,,,40352917.0
SUPPORTS,1.0,1.0,1.0,1.0,1.0,1.0,1.0,1.0,deepseek/deepseek-chat-v3.1,T04,,human,,,,39716171.0
SUPPORTS,1.0,1.0,1.0,1.0,0.0,1.0,1.0,1.0,deepseek/deepseek-chat-v3.1,T05,,human,,,,42023089.0
SUPPORTS,1.0,1.0,1.0,1.0,1.0,1.0,1.0,1.0,anthropic/claude-sonnet-4.5,T05,,human,,,,41258537.0
SUPPORTS,1.0,1.0,1.0,0.0,1.0,1.0,1.0,1.0,anthropic/claude-sonnet-4.5,T05,,human,,,,41970395.0
SUPPORTS,1.0,1.0,1.0,1.0,1.0,1.0,0.0,1.0,deepseek/deepseek-chat-v3.1,T05,,human,,,,41372867.0
SUPPORTS,0.0,0.0,0.0,0.0,0.0,0.0,0.0,0.0,deepseek/deepseek-chat-v3.1,T05,,human,,,,41976137.0
NEUTRAL,1.0,1.0,1.0,1.0,1.0,1.0,1.0,1.0,deepseek/deepseek-chat-v3.1,T05,,human,,,,41341937.0
,,,,,,,,,deepseek/deepseek-chat-v3.1,T05,,human,,"Expecting ',' delimiter: line 1 column 61 (char 60)",,41261885.0
REFUTES,1.0,1.0,1.0,1.0,1.0,0.0,1.0,1.0,deepseek/deepseek-chat-v3.1,T05,,human,,,,41472017.0
NEUTRAL,1.0,0.0,0.0,0.0,0.0,0.0,0.0,0.0,anthropic/claude-sonnet-4.5,T05,,human,,,,41897680.0
NEUTRAL,1.0,1.0,1.0,1.0,1.0,0.0,0.0,1.0,anthropic/claude-sonnet-4.5,T05,,human,,,,41861220.0
REFUTES,1.0,1.0,1.0,1.0,1.0,1.0,1.0,1.0,anthropic/claude-sonnet-4.5,T06,,human,,,,41540080.0
SUPPORTS,1.0,1.0,1.0,0.0,1.0,1.0,1.0,1.0,anthropic/claude-sonnet-4.5,T06,,human,,,,41970395.0
NEUTRAL,1.0,1.0,1.0,1.0,1.0,0.0,1.0,1.0,deepseek/deepseek-chat-v3.1,T06,,human,,,,41493606.0
NEUTRAL,1.0,1.0,0.0,0.0,1.0,1.0,1.0,1.0,deepseek/deepseek-chat-v3.1,T06,,human,,,,41281107.0
NEUTRAL,0.0,0.0,0.0,0.0,0.0,0.0,0.0,0.0,anthropic/claude-sonnet-4.5,T06,,human,,,,40581336.0
SUPPORTS,1.0,1.0,1.0,1.0,1.0,1.0,1.0,1.0,anthropic/claude-sonnet-4.5,T06,,human,,,,41676096.0
SUPPORTS,1.0,1.0,1.0,1.0,1.0,1.0,1.0,1.0,anthropic/claude-sonnet-4.5,T06,,human,,,,41938046.0
SUPPORTS,0.0,0.0,0.0,0.0,0.0,0.0,0.0,0.0,deepseek/deepseek-chat-v3.1,T06,,human,,,,41508047.0
NEUTRAL,1.0,0.0,0.0,0.0,0.0,0.0,0.0,0.0,deepseek/deepseek-chat-v3.1,T06,,human,,,,41817122.0
SUPPORTS,1.0,1.0,1.0,1.0,1.0,1.0,1.0,1.0,anthropic/claude-sonnet-4.5,T06,,human,,,,41374345.0
NEUTRAL,1.0,1.0,1.0,1.0,1.0,1.0,1.0,1.0,deepseek/deepseek-chat-v3.1,T07,,human,,,,41413347.0
,,,,,,,,,deepseek/deepseek-chat-v3.1,T07,,human,,"Expecting ',' delimiter: line 1 column 61 (char 60)",,41913879.0
SUPPORTS,1.0,1.0,1.0,0.0,1.0,0.0,1.0,1.0,deepseek/deepseek-chat-v3.1,T07,,human,,,,41598754.0
SUPPORTS,1.0,1.0,1.0,0.0,1.0,0.0,1.0,1.0,anthropic/claude-sonnet-4.5,T07,,human,,,,41853398.0
SUPPORTS,1.0,1.0,1.0,0.0,1.0,0.0,1.0,1.0,deepseek/deepseek-chat-v3.1,T07,,human,,,,40949080.0
SUPPORTS,1.0,0.0,0.0,0.0,1.0,0.0,1.0,0.0,deepseek/deepseek-chat-v3.1,T07,,human,,,,41531641.0
NEUTRAL,0.0,0.0,0.0,0.0,0.0,0.0,0.0,0.0,anthropic/claude-sonnet-4.5,T07,,human,,,,41009932.0
SUPPORTS,0.0,1.0,1.0,0.0,0.0,0.0,1.0,0.0,anthropic/claude-sonnet-4.5,T07,,human,,,,41960508.0
SUPPORTS,1.0,1.0,1.0,1.0,1.0,0.0,1.0,1.0,deepseek/deepseek-chat-v3.1,T07,,human,,,,41497048.0
NEUTRAL,1.0,1.0,0.0,0.0,1.0,1.0,1.0,0.0,deepseek/deepseek-chat-v3.1,T07,,human,,,,41202087.0
NEUTRAL,0.0,1.0,0.0,1.0,1.0,1.0,1.0,0.0,deepseek/deepseek-chat-v3.1,T08,,human,,,,41640922.0
NEUTRAL,1.0,1.0,1.0,1.0,1.0,0.0,1.0,1.0,deepseek/deepseek-chat-v3.1,T08,,human,,,,41269014.0
SUPPORTS,0.0,0.0,0.0,0.0,0.0,0.0,0.0,0.0,deepseek/deepseek-chat-v3.1,T08,,human,,,,41410976.0
SUPPORTS,0.0,0.0,0.0,0.0,0.0,0.0,1.0,0.0,deepseek/deepseek-chat-v3.1,T08,,human,,,,40944089.0
REFUTES,1.0,0.0,0.0,0.0,0.0,0.0,1.0,0.0,deepseek/deepseek-chat-v3.1,T08,,human,,,,40867964.0
NEUTRAL,1.0,1.0,0.0,0.0,1.0,1.0,1.0,1.0,deepseek/deepseek-chat-v3.1,T08,,human,,,,41019691.0
SUPPORTS,1.0,1.0,1.0,1.0,0.0,0.0,1.0,1.0,deepseek/deepseek-chat-v3.1,T08,,human,,,,41161124.0
NEUTRAL,0.0,0.0,0.0,0.0,0.0,0.0,0.0,0.0,deepseek/deepseek-chat-v3.1,T08,,human,,,,41011458.0
NEUTRAL,0.0,0.0,0.0,0.0,0.0,0.0,0.0,0.0,anthropic/claude-sonnet-4.5,T08,,human,,,,41040762.0
SUPPORTS,1.0,1.0,1.0,1.0,1.0,0.0,1.0,1.0,deepseek/deepseek-chat-v3.1,T08,,human,,,,38581643.0
NEUTRAL,1.0,1.0,1.0,1.0,1.0,1.0,1.0,1.0,anthropic/claude-sonnet-4.5,T09,,human,,,,41702669.0
SUPPORTS,1.0,1.0,1.0,1.0,1.0,1.0,1.0,1.0,deepseek/deepseek-chat-v3.1,T09,,human,,,,41961845.0
SUPPORTS,0.0,0.0,0.0,0.0,0.0,0.0,0.0,0.0,anthropic/claude-sonnet-4.5,T09,,human,,,,41809175.0
NEUTRAL,1.0,1.0,0.0,0.0,1.0,1.0,1.0,1.0,deepseek/deepseek-chat-v3.1,T09,,human,,,,41958582.0
SUPPORTS,1.0,1.0,0.0,0.0,1.0,0.0,1.0,1.0,deepseek/deepseek-chat-v3.1,T09,,human,,,,42005186.0
SUPPORTS,0.0,1.0,1.0,1.0,1.0,0.0,1.0,0.0,anthropic/claude-sonnet-4.5,T09,,human,,,,41815663.0
REFUTES,1.0,1.0,0.0,0.0,1.0,0.0,1.0,1.0,deepseek/deepseek-chat-v3.1,T09,,human,,,,42006957.0
NEUTRAL,1.0,1.0,1.0,0.0,1.0,0.0,1.0,1.0,anthropic/claude-sonnet-4.5,T09,,human,,,,41517558.0
SUPPORTS,1.0,1.0,1.0,1.0,1.0,1.0,1.0,1.0,anthropic/claude-sonnet-4.5,T09,,human,,,,41049599.0
REFUTES,1.0,1.0,1.0,1.0,1.0,1.0,1.0,1.0,anthropic/claude-sonnet-4.5,T09,,human,,,,41392499.0
REFUTES,1.0,1.0,1.0,1.0,1.0,1.0,1.0,1.0,deepseek/deepseek-chat-v3.1,T10,,human,,,,41764103.0
NEUTRAL,1.0,1.0,1.0,1.0,1.0,1.0,1.0,1.0,anthropic/claude-sonnet-4.5,T10,,human,,,,41307300.0
SUPPORTS,1.0,1.0,1.0,1.0,0.0,0.0,1.0,1.0,deepseek/deepseek-chat-v3.1,T10,,human,,,,41153590.0
SUPPORTS,1.0,1.0,1.0,1.0,1.0,0.0,1.0,1.0,deepseek/deepseek-chat-v3.1,T10,,human,,,,40721253.0
SUPPORTS,1.0,1.0,1.0,0.0,1.0,1.0,1.0,1.0,anthropic/claude-sonnet-4.5,T10,,human,,,,41850731.0
NEUTRAL,1.0,1.0,0.0,0.0,1.0,1.0,1.0,0.0,anthropic/claude-sonnet-4.5,T10,,human,,,,41097214.0
SUPPORTS,1.0,1.0,1.0,1.0,1.0,1.0,1.0,1.0,anthropic/claude-sonnet-4.5,T10,,human,,,,40481343.0
NEUTRAL,1.0,1.0,1.0,1.0,1.0,1.0,1.0,1.0,anthropic/claude-sonnet-4.5,T10,,human,,,,40728105.0
,,,,,,,,,deepseek/deepseek-chat-v3.1,T10,,human,,Unterminated string starting at: line 1 column 46 (char 45),,40426770.0
SUPPORTS,1.0,1.0,0.0,0.0,1.0,0.0,1.0,1.0,deepseek/deepseek-chat-v3.1,T10,,human,,,,41497081.0
SUPPORTS,1.0,1.0,1.0,1.0,1.0,1.0,1.0,1.0,anthropic/claude-sonnet-4.5,T11,,human,,,,41847128.0
SUPPORTS,1.0,0.0,0.0,0.0,0.0,0.0,0.0,0.0,deepseek/deepseek-chat-v3.1,T11,,human,,,,39457010.0
NEUTRAL,0.0,0.0,0.0,0.0,0.0,0.0,0.0,0.0,deepseek/deepseek-chat-v3.1,T11,,human,,,,39935563.0
SUPPORTS,1.0,1.0,1.0,1.0,1.0,1.0,1.0,1.0,deepseek/deepseek-chat-v3.1,T11,,human,,,,41807028.0
SUPPORTS,0.0,0.0,0.0,0.0,0.0,0.0,0.0,0.0,anthropic/claude-sonnet-4.5,T11,,human,,,,41384051.0
SUPPORTS,0.0,0.0,0.0,0.0,0.0,0.0,0.0,0.0,deepseek/deepseek-chat-v3.1,T11,,human,,,,40414808.0
SUPPORTS,0.0,0.0,0.0,0.0,0.0,0.0,0.0,0.0,anthropic/claude-sonnet-4.5,T11,,human,,,,40789277.0
SUPPORTS,1.0,1.0,1.0,1.0,1.0,1.0,1.0,1.0,deepseek/deepseek-chat-v3.1,T11,,human,,,,41034950.0
SUPPORTS,1.0,1.0,0.0,0.0,0.0,0.0,1.0,0.0,deepseek/deepseek-chat-v3.1,T11,,human,,,,36284810.0
NEUTRAL,1.0,1.0,0.0,0.0,1.0,1.0,1.0,1.0,anthropic/claude-sonnet-4.5,T11,,human,,,,39444143.0
NEUTRAL,0.0,0.0,0.0,0.0,0.0,0.0,0.0,0.0,deepseek/deepseek-chat-v3.1,T12,,human,,,,41674761.0
NEUTRAL,1.0,0.0,0.0,0.0,1.0,1.0,1.0,0.0,anthropic/claude-sonnet-4.5,T12,,human,,,,41626685.0
NEUTRAL,0.0,0.0,0.0,0.0,0.0,0.0,0.0,0.0,anthropic/claude-sonnet-4.5,T12,,human,,,,41835696.0
SUPPORTS,1.0,1.0,1.0,0.0,1.0,1.0,1.0,1.0,anthropic/claude-sonnet-4.5,T12,,human,,,,41932695.0
NEUTRAL,1.0,0.0,0.0,0.0,0.0,0.0,0.0,0.0,anthropic/claude-sonnet-4.5,T12,,human,,,,41363211.0
REFUTES,1.0,1.0,1.0,1.0,1.0,1.0,1.0,1.0,anthropic/claude-sonnet-4.5,T12,,human,,,,41457761.0
NEUTRAL,1.0,1.0,0.0,0.0,1.0,1.0,1.0,0.0,anthropic/claude-sonnet-4.5,T12,,human,,,,40810583.0
SUPPORTS,1.0,1.0,1.0,0.0,1.0,0.0,1.0,1.0,deepseek/deepseek-chat-v3.1,T12,,human,,,,41586743.0
SUPPORTS,1.0,1.0,1.0,1.0,1.0,1.0,1.0,1.0,deepseek/deepseek-chat-v3.1,T12,,human,,,,41140447.0
NEUTRAL,0.0,0.0,0.0,0.0,0.0,0.0,0.0,0.0,anthropic/claude-sonnet-4.5,T12,,human,,,,40960366.0
